mod	motif	regexp	score	fg_match	fg_size	bg_match	bg_size	fg/bg	unadjusted_p-value	tests	adjusted_p-value
S79.9	xxxxxH_S79.9_Dxxxxx	.....HSD.....	36.02	22	3123	2	3123	11.0	1.7e-005	317	5.5e-003
S79.9	xxxxxx_S79.9_NExxxx	......SNE....	33.55	90	3123	27	3123	3.3	1.5e-009	313	4.7e-007
S79.9	xxxxxx_S79.9_DxExxx	......SD.E...	32.12	103	3123	34	3123	3.0	9.8e-010	315	3.1e-007
S79.9	Kxxxxx_S79.9_Pxxxxx	K.....SP.....	36.97	20	3123	1	3123	20.0	1.0e-005	312	3.2e-003
S79.9	xxxxNx_S79.9_xDExxx	....N.S.DE...	39.95	24	3123	1	3123	24.0	7.4e-007	316	2.4e-004
S79.9	Kxxxxx_S79.9_xxxxxK	K.....S.....K	28.88	91	3123	28	3123	3.2	2.1e-009	306	6.4e-007
S79.9	xxxxxx_S79.9_xDxxKx	......S.D..K.	23.34	95	3123	36	3123	2.6	9.6e-008	310	3.0e-005
S79.9	Kxxxxx_S79.9_Dxxxxx	K.....SD.....	20.70	96	3123	34	3123	2.8	1.8e-008	290	5.2e-006
S79.9	xxKRxx_S79.9_xxxxxx	..KR..S......	24.63	43	3123	7	3123	6.1	9.5e-008	238	2.3e-005
S79.9	xxxxxx_S79.9_xExxxx	......S.E....	10.45	488	3123	311	3123	1.6	1.1e-011	289	3.2e-009
S79.9	xxxxxx_S79.9_xDxxxx	......S.D....	12.41	551	3123	369	3123	1.5	4.6e-011	293	1.3e-008
S79.9	xxxxxx_S79.9_Pxxxxx	......SP.....	12.93	110	3123	51	3123	2.2	1.4e-006	213	3.1e-004
S79.9	xxxxxG_S79.9_xxxxxx	.....GS......	10.80	141	3123	88	3123	1.6	2.2e-004	210	4.5e-002
S79.9	RxxSxx_S79.9_xxxxxx	R..S..S......	15.93	38	3123	7	3123	5.4	1.4e-006	250	3.6e-004
S79.9	xxxxxx_S79.9_Dxxxxx	......SD.....	9.85	552	3123	354	3123	1.6	6.1e-013	250	1.5e-010
S79.9	xLxxxx_S79.9_xxxxxx	.L....S......	8.45	229	3123	157	3123	1.5	9.2e-005	210	1.9e-002
S79.9	xxxxxx_S79.9_xNxxxx	......S.N....	8.16	514	3123	485	3123	1.1	1.7e-001	263	1.0e+000
S79.9	xxxRxx_S79.9_xxxxxx	...R..S......	6.06	207	3123	127	3123	1.6	4.1e-006	180	7.3e-004
Y79.9	Kxxxxx_Y79.9_xxxxxx	K.....Y......	8.79	50	233	20	233	2.5	7.1e-005	48	3.4e-003
T79.9	xxxxxx_T79.9_Pxxxxx	......TP.....	8.81	34	517	10	517	3.4	1.5e-004	105	1.5e-002
T79.9	xxxxxx_T79.9_xDxxxx	......T.D....	8.62	91	517	50	517	1.8	1.3e-004	103	1.4e-002
T79.9	xxLxxx_T79.9_xxxxxx	..L...T......	6.74	38	517	19	517	2.0	6.8e-003	78	4.1e-001

# MoMo (Modification Motifs): Version 5.4.0 compiled on May 20 2021 at 11:57:28
# The format of this file is described at https://meme-suite.org/meme/doc/momo-output-format.html.
# momo motifx -oc momo_example_output_files --sequence-column 'Motif Peptide' --width 13 --min-occurrences 5 --min-occurrences 20 --protein-database ensembl_Plasmodium_falciparum_38.200.fa pr8b00062_si_002.ptm
